,PUBG: BATTLEGROUNDS,Unturned,Rust,Terraria,ARK: Survival Evolved,Among Us,Counter-Strike 2,Apex Legends™,Call of Duty®,Team Fortress 2,Grand Theft Auto V Legacy,Left 4 Dead 2,Black Myth: Wukong,ELDEN RING,Sekiro™: Shadows Die Twice - GOTY Edition,Hollow Knight,Cuphead,Dead Cells,New World: Aeternum,Monster Hunter Wilds,The Witcher 3: Wild Hunt,Cyberpunk 2077,Warframe,Hogwarts Legacy,VRChat,Garry's Mod,War Thunder,Euro Truck Simulator 2,Schedule I,DCS World Steam Edition,Dead by Daylight,Dying Light,Lethal Company,Resident Evil 4,Little Nightmares,Blender,PAYDAY 2,Half-Life 2: Lost Coast,Destiny 2,Tom Clancy's Rainbow Six® Siege X,HELLDIVERS™ 2,Weed Shop 3,Everafter Falls,Drunk Soccer is the Best Soccer,U桌球U,The Repair House: Restoration Sim,Train Sim World® 2020,Heritage - A Dragon's Tale,Fate of WINDSHIFT,Swords & Bones 2
User_001,,3.0,2.0,,2.0,2.0,,1.0,,2.0,,2.0,,4.0,5.0,4.0,,5.0,5.0,3.0,4.0,4.0,4.0,5.0,3.0,3.0,2.0,3.0,2.0,3.0,3.0,2.0,,3.0,,,,1.0,2.0,,,,,1.0,2.0,2.0,,,4.0,
User_002,2.0,3.0,3.0,,,1.0,2.0,,3.0,1.0,1.0,2.0,5.0,,4.0,,,4.0,3.0,,4.0,,,4.0,,2.0,3.0,4.0,1.0,2.0,,4.0,2.0,2.0,1.0,,2.0,1.0,,,3.0,2.0,3.0,,,,2.0,5.0,4.0,
User_003,3.0,,4.0,4.0,3.0,,1.0,1.0,,2.0,,2.0,4.0,,5.0,4.0,3.0,4.0,,3.0,4.0,5.0,3.0,5.0,2.0,,2.0,2.0,2.0,2.0,3.0,,4.0,,,2.0,1.0,1.0,,2.0,3.0,,,4.0,,3.0,,,,
User_004,2.0,1.0,1.0,2.0,3.0,1.0,1.0,2.0,2.0,1.0,2.0,2.0,4.0,,,,5.0,5.0,3.0,3.0,5.0,,,5.0,,1.0,,2.0,,2.0,,,,4.0,,2.0,,,4.0,2.0,,2.0,,,1.0,,1.0,4.0,4.0,5.0
User_005,2.0,,1.0,2.0,2.0,1.0,,2.0,2.0,3.0,,2.0,,,,,3.0,,5.0,3.0,5.0,5.0,,,3.0,1.0,4.0,4.0,3.0,4.0,,,3.0,1.0,3.0,2.0,,2.0,,,2.0,,3.0,3.0,2.0,2.0,1.0,4.0,,
User_006,,2.0,3.0,,3.0,3.0,2.0,1.0,,3.0,,4.0,,,,5.0,2.0,,,3.0,3.0,4.0,4.0,5.0,,2.0,3.0,3.0,4.0,3.0,4.0,,2.0,,,2.0,,1.0,2.0,,,2.0,4.0,1.0,1.0,,,4.0,5.0,5.0
User_007,1.0,1.0,2.0,3.0,,,1.0,,,2.0,,,4.0,,5.0,,,5.0,4.0,4.0,4.0,,4.0,4.0,,2.0,,3.0,3.0,4.0,1.0,,,2.0,,1.0,3.0,4.0,,3.0,1.0,2.0,,2.0,1.0,1.0,2.0,4.0,,4.0
User_008,,,1.0,1.0,2.0,2.0,,3.0,3.0,3.0,,5.0,5.0,5.0,4.0,,3.0,4.0,3.0,,4.0,5.0,,4.0,3.0,,2.0,,,2.0,2.0,3.0,3.0,2.0,,1.0,3.0,2.0,,3.0,,,3.0,,2.0,,2.0,5.0,,
User_009,1.0,,3.0,1.0,3.0,,2.0,,,3.0,1.0,,4.0,4.0,,,5.0,4.0,4.0,3.0,3.0,,,,,1.0,,,,2.0,2.0,,2.0,3.0,4.0,2.0,,1.0,1.0,1.0,2.0,,,2.0,1.0,2.0,2.0,5.0,5.0,4.0
User_010,3.0,,,,1.0,3.0,,2.0,2.0,2.0,,3.0,,3.0,4.0,5.0,,5.0,,2.0,5.0,,5.0,5.0,2.0,,1.0,1.0,,2.0,3.0,1.0,2.0,,3.0,2.0,,2.0,2.0,,1.0,,3.0,4.0,1.0,,,,5.0,5.0
User_011,2.0,,,,2.0,,1.0,,2.0,,1.0,1.0,4.0,,,5.0,3.0,5.0,,,,5.0,3.0,4.0,3.0,3.0,3.0,5.0,,2.0,2.0,2.0,2.0,2.0,,1.0,,,1.0,3.0,,3.0,,3.0,3.0,3.0,2.0,4.0,,5.0
User_012,,3.0,1.0,2.0,1.0,,,4.0,2.0,,3.0,2.0,3.0,2.0,5.0,5.0,4.0,,,,5.0,5.0,,,1.0,2.0,1.0,,4.0,,,1.0,2.0,3.0,,,3.0,3.0,1.0,3.0,3.0,,2.0,1.0,,,3.0,4.0,,4.0
User_013,,3.0,1.0,2.0,3.0,1.0,3.0,,,2.0,,2.0,4.0,4.0,5.0,,4.0,5.0,4.0,,5.0,,3.0,5.0,2.0,,2.0,1.0,2.0,2.0,2.0,4.0,,,3.0,2.0,,,1.0,2.0,,,1.0,3.0,2.0,,,,4.0,
User_014,3.0,,4.0,,2.0,,3.0,3.0,2.0,1.0,1.0,1.0,,,4.0,4.0,,4.0,4.0,4.0,5.0,4.0,4.0,,2.0,,,,,,2.0,1.0,3.0,2.0,2.0,,,3.0,,2.0,2.0,3.0,3.0,2.0,2.0,,1.0,5.0,,
User_015,,,2.0,2.0,2.0,3.0,3.0,4.0,1.0,3.0,2.0,,4.0,3.0,,,4.0,,4.0,2.0,,4.0,3.0,5.0,,4.0,2.0,,2.0,,,2.0,4.0,3.0,4.0,2.0,1.0,,,1.0,3.0,2.0,3.0,3.0,,,,,5.0,
User_016,2.0,,1.0,2.0,,1.0,3.0,2.0,1.0,,,,,5.0,4.0,,3.0,5.0,4.0,,,5.0,3.0,5.0,2.0,3.0,3.0,3.0,2.0,3.0,,2.0,,2.0,3.0,,,3.0,2.0,3.0,1.0,,3.0,,,2.0,,,5.0,5.0
User_017,3.0,,1.0,2.0,1.0,,2.0,1.0,3.0,2.0,4.0,2.0,5.0,,5.0,,,,,,5.0,,4.0,5.0,3.0,,,,,,,1.0,3.0,2.0,3.0,,3.0,1.0,4.0,2.0,2.0,2.0,1.0,,2.0,,5.0,5.0,4.0,5.0
User_018,5.0,4.0,,5.0,5.0,,4.0,5.0,,,3.0,,,4.0,,,3.0,4.0,4.0,4.0,3.0,4.0,3.0,,3.0,,3.0,3.0,,,,4.0,5.0,5.0,5.0,,3.0,5.0,3.0,4.0,3.0,,,4.0,,4.0,,3.0,4.0,4.0
User_019,5.0,5.0,4.0,4.0,,,4.0,,5.0,4.0,3.0,,5.0,5.0,3.0,3.0,,3.0,,3.0,3.0,3.0,,3.0,3.0,3.0,2.0,,,3.0,4.0,,4.0,5.0,,,3.0,,,4.0,,2.0,,3.0,3.0,3.0,4.0,,2.0,
User_020,5.0,4.0,,5.0,5.0,5.0,4.0,5.0,3.0,4.0,,3.0,,3.0,,4.0,4.0,4.0,3.0,5.0,,3.0,4.0,,,,,,2.0,4.0,,5.0,4.0,,,,,,5.0,,3.0,3.0,4.0,3.0,4.0,3.0,,4.0,3.0,4.0
User_021,,4.0,3.0,,5.0,4.0,3.0,4.0,4.0,4.0,4.0,3.0,,2.0,4.0,2.0,,,,,,3.0,3.0,2.0,,,,,3.0,3.0,5.0,3.0,,5.0,,4.0,3.0,5.0,,4.0,3.0,,4.0,4.0,3.0,4.0,3.0,5.0,,
User_022,,4.0,,4.0,5.0,5.0,,,3.0,3.0,4.0,,,4.0,2.0,3.0,3.0,3.0,4.0,4.0,,3.0,,4.0,3.0,,,,3.0,,,5.0,,5.0,5.0,4.0,4.0,2.0,,,,,4.0,4.0,4.0,4.0,4.0,3.0,4.0,4.0
User_023,,5.0,4.0,4.0,,5.0,4.0,3.0,,3.0,2.0,,,3.0,4.0,,4.0,,5.0,4.0,3.0,,3.0,1.0,3.0,4.0,5.0,3.0,,,,4.0,5.0,,5.0,4.0,,,4.0,,3.0,,,3.0,,4.0,4.0,4.0,4.0,4.0
User_024,5.0,4.0,,,,,,3.0,5.0,,,2.0,3.0,3.0,,,4.0,,3.0,,4.0,3.0,4.0,,4.0,5.0,3.0,3.0,4.0,,5.0,5.0,5.0,4.0,5.0,,3.0,3.0,3.0,,3.0,,4.0,3.0,4.0,4.0,2.0,,,3.0
User_025,4.0,,4.0,4.0,,,2.0,4.0,4.0,,,4.0,,3.0,,,,3.0,4.0,,3.0,3.0,,2.0,2.0,3.0,4.0,3.0,3.0,3.0,4.0,,,4.0,,,4.0,3.0,3.0,4.0,4.0,,3.0,4.0,4.0,4.0,3.0,,3.0,
User_026,4.0,4.0,,4.0,,4.0,4.0,4.0,3.0,,,4.0,4.0,,,4.0,4.0,3.0,2.0,,4.0,4.0,,,4.0,4.0,,,,3.0,5.0,,5.0,5.0,5.0,4.0,5.0,,2.0,3.0,3.0,4.0,,,3.0,,,5.0,4.0,4.0
User_027,,5.0,5.0,4.0,4.0,5.0,,,,3.0,4.0,,4.0,,3.0,3.0,3.0,,4.0,,,3.0,4.0,,,3.0,3.0,,2.0,3.0,4.0,,5.0,4.0,,5.0,,,2.0,2.0,3.0,4.0,3.0,3.0,4.0,2.0,,4.0,5.0,
User_028,4.0,5.0,4.0,4.0,5.0,,5.0,,3.0,,,3.0,3.0,,,3.0,4.0,4.0,3.0,4.0,,,,3.0,4.0,,,,3.0,3.0,5.0,5.0,,4.0,,5.0,4.0,,3.0,,3.0,4.0,2.0,5.0,3.0,3.0,3.0,3.0,,
User_029,,5.0,4.0,,5.0,,,2.0,,3.0,3.0,3.0,3.0,2.0,4.0,3.0,,,3.0,4.0,4.0,2.0,4.0,3.0,,3.0,2.0,4.0,3.0,4.0,5.0,,4.0,4.0,,4.0,,,,4.0,,,3.0,3.0,4.0,,4.0,,,4.0
User_030,,5.0,,5.0,,5.0,4.0,3.0,,2.0,,3.0,3.0,3.0,2.0,,,,,5.0,4.0,,4.0,,4.0,4.0,3.0,4.0,4.0,4.0,4.0,,5.0,4.0,5.0,,,3.0,,4.0,,,4.0,2.0,3.0,3.0,4.0,4.0,,3.0
User_031,,4.0,5.0,4.0,4.0,4.0,3.0,2.0,3.0,,3.0,,4.0,3.0,3.0,,,5.0,2.0,4.0,,3.0,3.0,,,3.0,3.0,,,,5.0,3.0,4.0,,,5.0,3.0,5.0,2.0,3.0,4.0,3.0,,,3.0,3.0,,3.0,,
User_032,5.0,5.0,,5.0,4.0,,4.0,4.0,3.0,3.0,3.0,,3.0,,4.0,4.0,,,,,4.0,3.0,3.0,,4.0,,4.0,3.0,3.0,,,,,5.0,5.0,5.0,3.0,,,3.0,,4.0,,4.0,3.0,3.0,3.0,5.0,3.0,4.0
User_033,4.0,4.0,5.0,,4.0,,4.0,3.0,,,3.0,,,4.0,3.0,,4.0,,3.0,,3.0,4.0,3.0,,4.0,3.0,,,5.0,3.0,5.0,4.0,5.0,,,,4.0,4.0,3.0,,2.0,5.0,3.0,3.0,,,3.0,3.0,4.0,4.0
User_034,3.0,4.0,4.0,2.0,,,5.0,5.0,5.0,5.0,,,,2.0,2.0,,,,2.0,,2.0,5.0,2.0,3.0,4.0,3.0,1.0,2.0,,3.0,,4.0,,2.0,1.0,,5.0,5.0,4.0,,,3.0,3.0,2.0,,3.0,2.0,,,3.0
User_035,3.0,3.0,3.0,1.0,,2.0,4.0,,4.0,4.0,5.0,4.0,3.0,,,2.0,,1.0,3.0,4.0,1.0,2.0,1.0,1.0,,,,,1.0,3.0,,,4.0,,2.0,2.0,,4.0,,5.0,,,1.0,3.0,3.0,3.0,,,2.0,2.0
User_036,3.0,3.0,3.0,1.0,4.0,,4.0,,5.0,,,4.0,,,3.0,1.0,1.0,,2.0,3.0,2.0,3.0,,,,3.0,2.0,3.0,3.0,2.0,,,3.0,2.0,,1.0,4.0,5.0,5.0,,5.0,,2.0,1.0,,,1.0,,1.0,2.0
User_037,4.0,3.0,4.0,3.0,2.0,4.0,5.0,5.0,,5.0,4.0,5.0,,4.0,3.0,,3.0,1.0,,3.0,2.0,,3.0,,4.0,,2.0,1.0,,,3.0,3.0,,3.0,,1.0,4.0,4.0,,,,2.0,2.0,,,2.0,2.0,3.0,,
User_038,3.0,2.0,3.0,1.0,4.0,,4.0,,,3.0,5.0,4.0,2.0,1.0,,1.0,,3.0,,,,3.0,,3.0,,3.0,4.0,,4.0,,2.0,,2.0,,,3.0,5.0,4.0,4.0,,5.0,3.0,3.0,2.0,2.0,1.0,3.0,,2.0,
User_039,3.0,4.0,,3.0,3.0,,,5.0,5.0,4.0,,,4.0,,2.0,1.0,1.0,,,3.0,,2.0,2.0,,3.0,4.0,2.0,,2.0,3.0,2.0,4.0,,,2.0,4.0,4.0,,4.0,5.0,,3.0,3.0,,1.0,3.0,,3.0,2.0,
User_040,4.0,3.0,,3.0,,3.0,,3.0,5.0,4.0,,5.0,3.0,1.0,,,2.0,,3.0,4.0,2.0,,1.0,2.0,,,2.0,3.0,3.0,3.0,3.0,,3.0,,3.0,,,5.0,5.0,,4.0,,3.0,4.0,2.0,2.0,,2.0,3.0,
User_041,4.0,,,1.0,5.0,,,3.0,4.0,4.0,4.0,,2.0,4.0,,4.0,3.0,,2.0,1.0,2.0,,,2.0,,4.0,,2.0,3.0,4.0,,4.0,,3.0,4.0,,,5.0,5.0,5.0,3.0,4.0,2.0,3.0,,,,1.0,4.0,1.0
User_042,5.0,,,1.0,4.0,2.0,,4.0,4.0,4.0,4.0,,,2.0,3.0,,,,4.0,3.0,1.0,,2.0,2.0,3.0,4.0,2.0,,4.0,3.0,2.0,3.0,,3.0,3.0,2.0,,4.0,5.0,4.0,,,2.0,,2.0,,2.0,,1.0,
User_043,3.0,2.0,2.0,,,2.0,4.0,5.0,5.0,5.0,4.0,4.0,1.0,3.0,2.0,,1.0,,1.0,2.0,,,,3.0,,3.0,2.0,4.0,,4.0,,,,,3.0,3.0,4.0,5.0,,5.0,5.0,3.0,,,,2.0,3.0,3.0,1.0,
User_044,,4.0,3.0,,4.0,3.0,5.0,4.0,5.0,5.0,4.0,4.0,2.0,,3.0,,2.0,,,2.0,,2.0,1.0,3.0,3.0,3.0,5.0,3.0,3.0,3.0,,3.0,3.0,,,1.0,5.0,4.0,,,,3.0,2.0,2.0,,,,,,3.0
User_045,,3.0,4.0,,4.0,3.0,,4.0,,4.0,4.0,5.0,3.0,2.0,1.0,,2.0,2.0,,2.0,1.0,1.0,3.0,1.0,5.0,,,,,,2.0,4.0,4.0,2.0,,1.0,5.0,5.0,4.0,,,,,3.0,,1.0,2.0,,2.0,1.0
User_046,,,4.0,3.0,,2.0,,4.0,,4.0,4.0,4.0,4.0,1.0,1.0,5.0,2.0,,3.0,2.0,3.0,,,,4.0,3.0,,3.0,2.0,2.0,,,3.0,,,,5.0,4.0,5.0,,,,3.0,2.0,3.0,2.0,1.0,3.0,2.0,1.0
User_047,3.0,,,3.0,,1.0,5.0,,5.0,4.0,,4.0,1.0,,,2.0,,1.0,4.0,3.0,2.0,3.0,,3.0,3.0,,2.0,1.0,,4.0,,3.0,1.0,,4.0,,,5.0,4.0,,5.0,,2.0,2.0,4.0,3.0,2.0,,3.0,3.0
User_048,4.0,,3.0,3.0,3.0,1.0,4.0,4.0,,5.0,5.0,5.0,,1.0,4.0,,5.0,,,4.0,,2.0,,,,5.0,4.0,2.0,4.0,3.0,2.0,,,2.0,2.0,,,,4.0,5.0,4.0,3.0,3.0,,2.0,2.0,,3.0,2.0,
User_049,,4.0,,3.0,3.0,3.0,,4.0,,5.0,5.0,4.0,1.0,2.0,,,3.0,2.0,,3.0,,5.0,2.0,2.0,3.0,,2.0,3.0,3.0,,,4.0,2.0,2.0,4.0,,,,4.0,,4.0,2.0,,,2.0,2.0,,3.0,3.0,1.0
User_050,4.0,4.0,3.0,3.0,,1.0,4.0,4.0,5.0,,5.0,5.0,1.0,1.0,4.0,,,2.0,,,3.0,,,,,,2.0,,3.0,4.0,,3.0,,1.0,3.0,3.0,,,4.0,,5.0,2.0,2.0,2.0,3.0,3.0,2.0,2.0,,3.0
User_051,5.0,5.0,5.0,4.0,,4.0,4.0,4.0,5.0,5.0,4.0,5.0,,,5.0,,4.0,4.0,4.0,5.0,,4.0,,5.0,,,,4.0,5.0,4.0,,5.0,4.0,5.0,4.0,4.0,,,4.0,5.0,,,4.0,,5.0,,,5.0,4.0,
User_052,4.0,5.0,5.0,5.0,,4.0,4.0,5.0,5.0,,,5.0,,5.0,,,5.0,5.0,,5.0,,5.0,5.0,5.0,4.0,,,,,4.0,5.0,4.0,5.0,,,4.0,4.0,4.0,4.0,5.0,5.0,4.0,5.0,4.0,,,4.0,,5.0,
User_053,,5.0,4.0,5.0,4.0,,5.0,,4.0,5.0,,,5.0,5.0,4.0,4.0,,4.0,4.0,,5.0,5.0,,5.0,,4.0,5.0,5.0,,,5.0,5.0,5.0,5.0,5.0,,,5.0,5.0,,,5.0,,4.0,5.0,4.0,,5.0,5.0,
User_054,4.0,,4.0,4.0,4.0,,4.0,,,5.0,,,4.0,,5.0,,,4.0,5.0,4.0,4.0,5.0,5.0,,4.0,4.0,,4.0,,,,5.0,5.0,5.0,4.0,5.0,4.0,,,4.0,4.0,5.0,3.0,4.0,,4.0,4.0,,4.0,5.0
User_055,,,,5.0,,,5.0,5.0,,,5.0,5.0,5.0,5.0,4.0,5.0,5.0,,5.0,,5.0,5.0,,5.0,4.0,,,,5.0,4.0,,4.0,5.0,4.0,,,4.0,5.0,4.0,5.0,4.0,4.0,5.0,4.0,5.0,5.0,4.0,5.0,,
User_056,4.0,,,,4.0,4.0,5.0,5.0,5.0,,5.0,5.0,5.0,,,5.0,5.0,,5.0,5.0,,5.0,4.0,4.0,,,5.0,4.0,5.0,4.0,5.0,4.0,5.0,,4.0,4.0,,,5.0,,5.0,4.0,,4.0,5.0,,,,5.0,5.0
User_057,4.0,,,,4.0,,4.0,,5.0,5.0,,4.0,5.0,4.0,,,,5.0,5.0,,5.0,4.0,5.0,,,,5.0,,4.0,4.0,4.0,5.0,5.0,4.0,5.0,4.0,4.0,4.0,,5.0,5.0,5.0,5.0,5.0,,4.0,,5.0,,5.0
User_058,,5.0,,,4.0,,4.0,5.0,5.0,,5.0,4.0,5.0,5.0,4.0,4.0,5.0,,,5.0,,4.0,5.0,4.0,5.0,,5.0,4.0,4.0,,,,,5.0,4.0,4.0,4.0,5.0,,5.0,,5.0,,4.0,,4.0,4.0,4.0,,4.0
User_059,,,4.0,,,,4.0,,,4.0,,4.0,,4.0,,4.0,5.0,5.0,,5.0,4.0,5.0,4.0,4.0,4.0,,5.0,4.0,,4.0,4.0,,5.0,5.0,5.0,5.0,,5.0,4.0,5.0,5.0,4.0,,,,4.0,5.0,5.0,4.0,5.0
User_060,5.0,,,4.0,5.0,4.0,5.0,5.0,5.0,4.0,,5.0,4.0,4.0,,5.0,4.0,4.0,4.0,4.0,,,4.0,,4.0,5.0,,5.0,5.0,,5.0,,4.0,4.0,,,4.0,4.0,,,4.0,4.0,,4.0,4.0,,,5.0,,4.0
User_061,4.0,5.0,4.0,4.0,,5.0,4.0,4.0,5.0,4.0,,,4.0,4.0,3.0,4.0,4.0,,,4.0,4.0,4.0,,5.0,5.0,5.0,,,5.0,,4.0,5.0,5.0,,,,,,4.0,5.0,5.0,4.0,,,5.0,4.0,4.0,5.0,,
User_062,,,4.0,5.0,4.0,4.0,4.0,4.0,4.0,5.0,5.0,5.0,,4.0,,,,4.0,5.0,4.0,,,5.0,5.0,4.0,,,4.0,4.0,,,,4.0,5.0,,5.0,4.0,5.0,,5.0,5.0,4.0,,5.0,4.0,5.0,,4.0,,5.0
User_063,5.0,5.0,,4.0,5.0,5.0,5.0,,4.0,,4.0,5.0,,5.0,5.0,5.0,4.0,,,,4.0,,5.0,,4.0,,5.0,,4.0,,5.0,5.0,,5.0,4.0,4.0,,,,4.0,4.0,5.0,4.0,,5.0,5.0,4.0,5.0,,4.0
User_064,4.0,4.0,,,4.0,4.0,4.0,5.0,5.0,,,5.0,4.0,,5.0,5.0,4.0,5.0,4.0,5.0,,,4.0,,,4.0,,4.0,4.0,5.0,,5.0,,,5.0,5.0,5.0,4.0,5.0,5.0,,,4.0,,,5.0,5.0,5.0,,4.0
User_065,,,,,,5.0,4.0,4.0,4.0,4.0,,5.0,5.0,4.0,,5.0,,4.0,5.0,5.0,5.0,5.0,4.0,5.0,,4.0,5.0,5.0,5.0,4.0,,3.0,,4.0,,3.0,,4.0,4.0,4.0,,4.0,,,4.0,,5.0,4.0,4.0,
User_066,,,,1.0,1.0,1.0,3.0,3.0,,,3.0,2.0,5.0,,,,5.0,5.0,,,4.0,4.0,3.0,4.0,3.0,,2.0,,2.0,3.0,,2.0,3.0,1.0,2.0,4.0,1.0,,3.0,,,2.0,2.0,1.0,2.0,,3.0,4.0,5.0,
User_067,1.0,,,5.0,,,4.0,3.0,3.0,,1.0,3.0,5.0,4.0,5.0,4.0,,,3.0,,5.0,,3.0,,1.0,,,3.0,2.0,,1.0,1.0,,1.0,3.0,4.0,,2.0,1.0,3.0,1.0,,1.0,,4.0,1.0,2.0,5.0,,5.0
User_068,3.0,,1.0,,2.0,,,,2.0,2.0,,3.0,,2.0,5.0,,,4.0,4.0,3.0,,4.0,,5.0,,1.0,2.0,2.0,,1.0,,2.0,,2.0,2.0,,2.0,2.0,3.0,,3.0,3.0,2.0,2.0,3.0,2.0,4.0,5.0,,4.0
User_069,2.0,,1.0,,2.0,1.0,2.0,,3.0,3.0,,,4.0,2.0,,,4.0,,3.0,,5.0,5.0,,5.0,4.0,2.0,,,,2.0,,3.0,2.0,3.0,4.0,4.0,,2.0,2.0,,5.0,3.0,2.0,2.0,2.0,1.0,2.0,,4.0,
User_070,2.0,2.0,,,1.0,2.0,3.0,,2.0,3.0,3.0,3.0,,2.0,4.0,,4.0,4.0,3.0,3.0,,5.0,3.0,,1.0,,2.0,3.0,1.0,,4.0,2.0,,3.0,,4.0,4.0,,,1.0,,4.0,,1.0,,2.0,3.0,,5.0,
User_071,3.0,2.0,,,3.0,2.0,3.0,1.0,,,3.0,1.0,,3.0,5.0,5.0,4.0,5.0,,,5.0,,4.0,4.0,5.0,3.0,,1.0,,,1.0,1.0,2.0,1.0,2.0,4.0,2.0,,4.0,2.0,2.0,1.0,1.0,,,,,4.0,,
User_072,,1.0,4.0,1.0,,2.0,2.0,,2.0,,3.0,,,3.0,4.0,,5.0,5.0,3.0,2.0,4.0,,,,,1.0,1.0,,2.0,1.0,1.0,2.0,3.0,1.0,2.0,4.0,1.0,3.0,3.0,,,2.0,1.0,,2.0,3.0,,,5.0,
User_073,3.0,2.0,3.0,1.0,,1.0,1.0,3.0,1.0,3.0,,3.0,5.0,,,5.0,5.0,,,,4.0,5.0,4.0,4.0,3.0,,3.0,3.0,,3.0,,3.0,3.0,,2.0,,,,3.0,,2.0,3.0,,4.0,3.0,,2.0,,5.0,4.0
User_074,,,2.0,3.0,4.0,,2.0,,3.0,1.0,3.0,1.0,5.0,,4.0,,4.0,5.0,,3.0,4.0,4.0,,4.0,1.0,1.0,1.0,,2.0,1.0,4.0,,1.0,,,3.0,,3.0,,2.0,,2.0,,,1.0,4.0,2.0,,4.0,5.0
User_075,3.0,1.0,2.0,2.0,4.0,,,1.0,,,2.0,2.0,4.0,,,4.0,5.0,,3.0,3.0,5.0,4.0,,4.0,3.0,2.0,3.0,,,1.0,,2.0,,3.0,2.0,,,3.0,3.0,1.0,,,2.0,4.0,3.0,1.0,2.0,,,5.0
User_076,1.0,1.0,,1.0,1.0,2.0,2.0,2.0,3.0,2.0,3.0,,5.0,,,,,4.0,3.0,3.0,,5.0,,4.0,,,2.0,5.0,2.0,4.0,3.0,,,3.0,1.0,4.0,1.0,3.0,,2.0,,,2.0,,,4.0,4.0,4.0,,5.0
User_077,,,3.0,,,2.0,4.0,2.0,2.0,,,,5.0,4.0,,4.0,3.0,,,3.0,,5.0,2.0,,3.0,4.0,,2.0,2.0,1.0,2.0,2.0,,4.0,,4.0,2.0,,2.0,2.0,,2.0,2.0,2.0,,1.0,2.0,4.0,4.0,4.0
User_078,2.0,,2.0,,,4.0,,1.0,2.0,3.0,3.0,2.0,,3.0,4.0,4.0,,4.0,3.0,,5.0,5.0,4.0,4.0,1.0,3.0,,,2.0,2.0,1.0,,1.0,2.0,1.0,,1.0,1.0,,3.0,,,,,,3.0,4.0,4.0,5.0,
User_079,3.0,4.0,,,,4.0,,,,,2.0,3.0,4.0,4.0,4.0,4.0,5.0,5.0,,,4.0,4.0,3.0,3.0,,5.0,5.0,5.0,4.0,5.0,3.0,2.0,,5.0,2.0,,,4.0,4.0,,3.0,4.0,4.0,5.0,4.0,,,,,3.0
User_080,3.0,2.0,4.0,3.0,,5.0,,,,4.0,3.0,4.0,3.0,3.0,3.0,3.0,3.0,4.0,,,4.0,,,,4.0,5.0,5.0,4.0,4.0,,,4.0,2.0,3.0,3.0,,3.0,3.0,,3.0,4.0,,5.0,,4.0,,,,4.0,4.0
User_081,4.0,4.0,3.0,3.0,3.0,,4.0,,3.0,,,,3.0,,4.0,3.0,,4.0,3.0,4.0,3.0,3.0,4.0,3.0,5.0,4.0,,4.0,,,4.0,3.0,4.0,,2.0,,,4.0,,3.0,,,5.0,5.0,,,5.0,3.0,3.0,4.0
User_082,4.0,3.0,2.0,3.0,3.0,4.0,3.0,,4.0,,5.0,4.0,4.0,4.0,,4.0,3.0,,,3.0,,4.0,4.0,4.0,,5.0,5.0,4.0,4.0,5.0,4.0,,,,,,3.0,,3.0,3.0,,4.0,,4.0,,5.0,,,3.0,1.0
User_083,,,,,,4.0,3.0,4.0,4.0,3.0,3.0,,4.0,,,,3.0,3.0,4.0,4.0,4.0,3.0,,3.0,4.0,,4.0,,4.0,4.0,3.0,3.0,,,2.0,4.0,4.0,4.0,4.0,5.0,4.0,5.0,4.0,,,4.0,4.0,,,3.0
User_084,,2.0,4.0,,,4.0,4.0,,,5.0,3.0,,,3.0,4.0,,,,3.0,4.0,3.0,5.0,3.0,4.0,,,5.0,4.0,3.0,,3.0,4.0,2.0,4.0,,4.0,3.0,4.0,4.0,,4.0,5.0,5.0,,4.0,,5.0,4.0,,5.0
User_085,,3.0,,3.0,5.0,4.0,,3.0,2.0,,4.0,,,3.0,3.0,,4.0,4.0,,4.0,5.0,,4.0,,5.0,4.0,,,5.0,5.0,4.0,4.0,4.0,4.0,,4.0,,5.0,4.0,3.0,3.0,5.0,,5.0,,4.0,4.0,,4.0,
User_086,,,4.0,4.0,4.0,4.0,3.0,3.0,,4.0,,3.0,3.0,4.0,,,,4.0,5.0,3.0,4.0,,,,5.0,4.0,5.0,5.0,4.0,5.0,,3.0,4.0,3.0,3.0,,,3.0,3.0,2.0,,,,,5.0,5.0,4.0,,3.0,2.0
User_087,3.0,3.0,3.0,3.0,,3.0,4.0,4.0,4.0,,,4.0,4.0,3.0,,3.0,3.0,,4.0,3.0,,,3.0,3.0,5.0,,,,,5.0,3.0,,3.0,4.0,3.0,,3.0,4.0,3.0,5.0,,4.0,,,5.0,,,3.0,2.0,4.0
User_088,4.0,3.0,3.0,4.0,,,,,3.0,,,3.0,4.0,4.0,4.0,4.0,,3.0,4.0,3.0,4.0,3.0,,3.0,4.0,5.0,,5.0,,4.0,3.0,4.0,4.0,,3.0,,,,4.0,3.0,,,3.0,5.0,4.0,4.0,5.0,,,3.0
User_089,,3.0,2.0,,,4.0,,4.0,,4.0,4.0,,,,4.0,,,3.0,3.0,,,5.0,3.0,3.0,5.0,5.0,4.0,4.0,4.0,,4.0,4.0,,4.0,,4.0,5.0,4.0,3.0,,4.0,5.0,,5.0,4.0,4.0,,3.0,4.0,3.0
User_090,,3.0,2.0,2.0,4.0,2.0,5.0,4.0,,4.0,4.0,,,,,,3.0,3.0,,2.0,2.0,4.0,,4.0,5.0,4.0,5.0,5.0,,5.0,,4.0,,2.0,4.0,4.0,,,2.0,2.0,1.0,,,4.0,5.0,,5.0,,3.0,5.0
User_091,,,4.0,4.0,,,5.0,,,,,,,5.0,5.0,5.0,5.0,5.0,4.0,,5.0,5.0,5.0,4.0,4.0,,5.0,5.0,4.0,5.0,4.0,5.0,4.0,5.0,5.0,5.0,,3.0,,4.0,4.0,5.0,4.0,4.0,,,,4.0,,5.0
User_092,4.0,,,4.0,,5.0,5.0,,,5.0,5.0,5.0,5.0,5.0,4.0,,4.0,5.0,,4.0,,5.0,4.0,5.0,3.0,4.0,,4.0,,5.0,4.0,5.0,,5.0,,4.0,5.0,,4.0,5.0,,,,,5.0,5.0,5.0,5.0,,5.0
User_093,4.0,4.0,,4.0,4.0,5.0,,,4.0,4.0,5.0,4.0,,5.0,5.0,,4.0,,,5.0,,,5.0,5.0,,4.0,,4.0,4.0,5.0,,4.0,4.0,4.0,,5.0,,,4.0,,5.0,5.0,4.0,4.0,5.0,4.0,,5.0,5.0,
User_094,,5.0,,4.0,4.0,,4.0,5.0,,4.0,5.0,5.0,5.0,5.0,5.0,5.0,5.0,4.0,4.0,,,5.0,,,5.0,4.0,,5.0,,5.0,4.0,5.0,4.0,,,4.0,,5.0,5.0,5.0,5.0,4.0,,,5.0,,,5.0,,5.0
User_095,5.0,5.0,,4.0,5.0,,4.0,3.0,4.0,4.0,5.0,5.0,5.0,5.0,,4.0,4.0,4.0,,3.0,4.0,,5.0,5.0,,,5.0,,,,4.0,5.0,,,,4.0,4.0,4.0,5.0,5.0,5.0,,5.0,4.0,,5.0,,,5.0,
User_096,3.0,5.0,4.0,5.0,4.0,,5.0,4.0,5.0,5.0,4.0,5.0,4.0,5.0,5.0,,,4.0,,,,,5.0,5.0,,4.0,3.0,,4.0,,,,5.0,5.0,,,5.0,,4.0,4.0,,,4.0,,5.0,4.0,4.0,5.0,4.0,5.0
User_097,4.0,,4.0,,5.0,,4.0,4.0,,4.0,5.0,,,4.0,,,,4.0,5.0,4.0,5.0,5.0,4.0,5.0,3.0,5.0,3.0,5.0,,,,,5.0,5.0,5.0,,5.0,5.0,,5.0,,4.0,4.0,,4.0,4.0,4.0,5.0,,5.0
User_098,,,4.0,5.0,,4.0,5.0,5.0,,4.0,,4.0,,5.0,,4.0,4.0,5.0,,,,,5.0,4.0,4.0,4.0,4.0,4.0,,5.0,5.0,,,5.0,3.0,4.0,,3.0,,5.0,5.0,,4.0,5.0,,4.0,4.0,5.0,5.0,4.0
User_099,5.0,,5.0,5.0,,5.0,4.0,,,4.0,,4.0,4.0,,,4.0,5.0,5.0,4.0,4.0,,,5.0,5.0,5.0,5.0,4.0,,5.0,,4.0,5.0,,5.0,,4.0,,5.0,4.0,,4.0,4.0,,5.0,,,4.0,4.0,4.0,4.0
User_100,,,,3.0,5.0,5.0,4.0,5.0,5.0,5.0,5.0,5.0,,,4.0,,5.0,5.0,4.0,,5.0,,,3.0,,,4.0,4.0,,5.0,4.0,5.0,,5.0,4.0,,5.0,5.0,,4.0,4.0,,5.0,4.0,5.0,4.0,,,4.0,4.0
